k,inertia,silhouette
2,3083.058062901943,0.18212095483342527
3,2795.6278440875176,0.1785608197281641
4,2571.0383803711993,0.17131790510747602
5,2412.2962386789477,0.140290049781394
6,2274.746068575414,0.12773757004484873
7,2166.6187970728574,0.12647236868867737
8,2071.376130452129,0.12643749083149683
